{
  "version": 2,
  "routes": [
    {
      "src": "/sw.js",
      "headers": {
        "Cache-Control": "no-cache",
        "Service-Worker-Allowed": "/"
      }
    },
    {
      "src": "/manifest.json",
      "headers": {
        "Cache-Control": "public, max-age=0, must-revalidate"
      }
    },
    {
      "src": "/(.*)",
      "headers": {
        "X-Content-Type-Options": "nosniff",
        "X-Frame-Options": "DENY",
        "X-XSS-Protection": "1; mode=block"
      }
    }
  ],
  "headers": [
    {
      "source": "/(.*)",
      "headers": [
        {
          "key": "X-Content-Type-Options",
          "value": "nosniff"
        }
      ]
    }
  ]
}
